Algorithm,Dataset,N,True Positive,True Negative,False Positive,False Negative,Precision,Recall,Specificity,F1-score,Accuracy,Balanced Accuracy,AUC
XGBoost,Test set,1600,1371,98,87,44,0.9403292181069959,0.9689045936395759,0.5297297297297298,0.954403063000348,0.918125,0.7493171616846528,0.9028325852354122
XGBoost,Entire population,12984,7092,5759,89,44,0.9876061829828715,0.9938340807174888,0.984781121751026,0.9907103443458826,0.9897566235366605,0.9893076012342574,0.9977013432210928
