Algorithm,Dataset,N,True Positive,True Negative,False Positive,False Negative,Precision,Recall,Specificity,F1-score,Accuracy,Balanced Accuracy,AUC
Random Forest,Test set,1600,1386,84,101,29,0.9320780094149294,0.9795053003533569,0.4540540540540541,0.9552033080634046,0.91875,0.7167796772037055,0.9128545506637379
Random Forest,Entire population,12984,7107,5747,101,29,0.9859877913429522,0.9959360986547086,0.9827291381668947,0.9909369771332962,0.9899876771410967,0.9893326184108016,0.9989428086256924
