Algorithm,Dataset,N,True Positive,True Negative,False Positive,False Negative,Precision,Recall,Specificity,F1-score,Accuracy,Balanced Accuracy,AUC
CatBoost,Test set,1600,1384,90,95,31,0.9357674104124408,0.9780918727915194,0.4864864864864865,0.9564616447823082,0.92125,0.732289179639003,0.9117104383535479
CatBoost,Entire population,12968,7087,5608,224,49,0.9693612364929558,0.9931334080717489,0.9615912208504801,0.981103343254655,0.9789481801357187,0.9773623144611145,0.9965723507461539
