Algorithm,Dataset,N,True Positive,True Negative,False Positive,False Negative,Precision,Recall,Specificity,F1-score,Accuracy,Balanced Accuracy,AUC
MLP,Test set,1600,1216,128,57,199,0.9552238805970149,0.8593639575971731,0.6918918918918919,0.9047619047619048,0.84,0.7756279247445326,0.8614764587909463
MLP,Entire population,12984,6418,5690,158,718,0.9759732360097324,0.8993834080717489,0.9729822161422709,0.9361143523920653,0.9325323475046211,0.9361828121070099,0.9904123108663113
