Algorithm,Dataset,N,True Positive,True Negative,False Positive,False Negative,Precision,Recall,Specificity,F1-score,Accuracy,Balanced Accuracy,AUC
CatBoost,Test set,12514,8644,1838,1318,714,0.8676972495482834,0.9237016456507801,0.582382762991128,0.894824016563147,0.8376218635128656,0.753042204320954,0.8599744266307594
CatBoost,Entire population,23916,14327,7333,1524,732,0.9038546463945493,0.9513911946344379,0.827932708592074,0.9270139113555483,0.9056698444555946,0.889661951613256,0.9560322975761673
