Algorithm,Dataset,N,True Positive,True Negative,False Positive,False Negative,Precision,Recall,Specificity,F1-score,Accuracy,Balanced Accuracy,AUC
LGBM,Test set,10274,2674,4558,2065,977,0.5642540620384048,0.7324020816214736,0.6882077608334591,0.6374255065554231,0.7039127895658945,0.7103049212274664,0.7849417795020821
LGBM,Entire population,39206,13795,15259,5830,4322,0.7029299363057325,0.7614395319313352,0.7235525629475081,0.73101584441736,0.7410600418303321,0.7424960474394217,0.8247893793057965
