Algorithm,Dataset,N,True Positive,True Negative,False Positive,False Negative,Precision,Recall,Specificity,F1-score,Accuracy,Balanced Accuracy,AUC
XGBoost,Test set,1600,1396,63,102,39,0.931909212283044,0.972822299651568,0.38181818181818183,0.951926355267644,0.911875,0.6773202407348748,0.8439657903072536
XGBoost,Entire population,13002,7097,5722,144,39,0.9801132440270681,0.9945347533632287,0.9754517558813501,0.9872713361619253,0.9859252422704199,0.9849932546222895,0.9960676808208434
