Algorithm,Dataset,N,True Positive,True Negative,False Positive,False Negative,Precision,Recall,Specificity,F1-score,Accuracy,Balanced Accuracy,AUC
LGBM,Test set,10274,4690,2660,991,1933,0.8255588804787889,0.708138305903669,0.7285675157491098,0.7623537061118335,0.715398092271754,0.7183529108263894,0.7966032897566158
LGBM,Entire population,51369,24444,13785,4332,8808,0.8494578815679733,0.7351136773727897,0.7608875641662527,0.788160185722577,0.744203702622204,0.7480006207695211,0.8294644380209554
