Algorithm,Dataset,N,True Positive,True Negative,False Positive,False Negative,Precision,Recall,Specificity,F1-score,Accuracy,Balanced Accuracy,AUC
Random Forest,Test set,10274,6023,1632,2019,600,0.7489430489927879,0.9094066133172278,0.44700082169268696,0.8214115240368224,0.7450846797741872,0.6782037175049573,0.7995264628344415
Random Forest,Entire population,51369,32652,16097,2020,600,0.9417397323488694,0.9819559725730783,0.8885025114533311,0.9614274777692715,0.9489964764741381,0.9352292420132047,0.9887164646964625
