Algorithm,Dataset,N,True Positive,True Negative,False Positive,False Negative,Precision,Recall,Specificity,F1-score,Accuracy,Balanced Accuracy,AUC
CatBoost,Test set,10274,2561,4721,1942,1050,0.5687319564734621,0.7092218222099141,0.7085396968332582,0.6312546216416071,0.708779443254818,0.7088807595215862,0.7863602605359838
CatBoost,Entire population,39286,13791,15769,5400,4326,0.7186181022354229,0.7612187448253022,0.7449100099201663,0.739305242843358,0.7524308914116988,0.7530643773727342,0.8357026606361196
