Algorithm,Dataset,N,True Positive,True Negative,False Positive,False Negative,Precision,Recall,Specificity,F1-score,Accuracy,Balanced Accuracy,AUC
MLP,Test set,10274,1984,5235,1388,1667,0.5883748517200474,0.5434127636264037,0.7904272988071871,0.5650007119464616,0.7026474596067743,0.6669200312167953,0.7282293103641506
MLP,Entire population,51369,13916,28972,4280,4201,0.7647834688942625,0.7681183418888337,0.8712859376879586,0.7664472778343844,0.8349004263271623,0.8197021397883961,0.882585139633403
