Algorithm,Dataset,N,True Positive,True Negative,False Positive,False Negative,Precision,Recall,Specificity,F1-score,Accuracy,Balanced Accuracy,AUC
Random Forest,Test set,10274,2627,4654,2009,984,0.5666522864538395,0.7274993076710052,0.6984841662914603,0.6370801503577058,0.7086821101810395,0.7129917369812327,0.7882276681141673
Random Forest,Entire population,39286,17132,19159,2010,985,0.8949952982969387,0.9456311751393719,0.9050498370258396,0.9196167368957836,0.923764190805885,0.9253405060826058,0.9824221733729838
