Algorithm,Dataset,N,True Positive,True Negative,False Positive,False Negative,Precision,Recall,Specificity,F1-score,Accuracy,Balanced Accuracy,AUC
LGBM,Test set,10274,5608,1960,1691,1015,0.7683244280038362,0.8467461875283104,0.536839222130923,0.8056313748024709,0.7366167023554604,0.6917927048296167,0.7891951526541575
LGBM,Entire population,64492,28777,22968,8272,4475,0.7767281168182677,0.865421628774209,0.7352112676056338,0.8186796773872349,0.8023475779941698,0.8003164481899214,0.8878755644245712
