Algorithm,Dataset,N,True Positive,True Negative,False Positive,False Negative,Precision,Recall,Specificity,F1-score,Accuracy,Balanced Accuracy,AUC
LGBM,Test set,1600,1399,60,105,36,0.930186170212766,0.9749128919860627,0.36363636363636365,0.9520244981286152,0.911875,0.6692746278112132,0.8527040439235563
LGBM,Entire population,13002,7083,5539,327,53,0.9558704453441296,0.9925728699551569,0.944255028980566,0.9738759796507631,0.9707737271189048,0.9684139494678614,0.9942750529768722
