Algorithm,Dataset,N,True Positive,True Negative,False Positive,False Negative,Precision,Recall,Specificity,F1-score,Accuracy,Balanced Accuracy,AUC
CNN,Test set,10274,5093,2214,1437,1530,0.7799387442572742,0.768986863958931,0.6064092029580936,0.7744240857599027,0.7112127700992797,0.6876980334585123,0.7618223521833003
CNN,Entire population,64492,31547,22310,8930,1705,0.7793808829705758,0.9487248887284976,0.7141485275288092,0.855755537169906,0.8350958258388638,0.8314367081286533,0.8684690776737236
