Algorithm,Dataset,N,True Positive,True Negative,False Positive,False Negative,Precision,Recall,Specificity,F1-score,Accuracy,Balanced Accuracy,AUC
XGBoost,Test set,10274,5627,2001,1650,996,0.7732582108011543,0.8496149781065983,0.5480690221857025,0.8096402877697841,0.7424566867821686,0.6988420001461504,0.7927949432794665
XGBoost,Entire population,64492,29904,24678,6562,3348,0.8200515548730324,0.899314326957777,0.7899487836107555,0.8578559339051608,0.8463375302363084,0.8446315552842663,0.9279890171134085
