Algorithm,Dataset,N,True Positive,True Negative,False Positive,False Negative,Precision,Recall,Specificity,F1-score,Accuracy,Balanced Accuracy,AUC
Random Forest,Test set,10274,5523,2023,1628,1100,0.772339532932457,0.8339121244149177,0.5540947685565598,0.8019456947872804,0.734475374732334,0.6940034464857388,0.7865911200698182
Random Forest,Entire population,64676,32152,29796,1628,1100,0.951805802249852,0.9669192830506436,0.9481924643584522,0.9593030194533954,0.9578205207495826,0.9575558737045479,0.9937196134841927
