Algorithm,Dataset,N,True Positive,True Negative,False Positive,False Negative,Precision,Recall,Specificity,F1-score,Accuracy,Balanced Accuracy,AUC
CNN,Test set,1600,1365,95,90,50,0.9381443298969072,0.9646643109540636,0.5135135135135135,0.9512195121951219,0.9125,0.7390889122337885,0.8393448572247157
CNN,Entire population,12968,7086,5723,109,50,0.9848505906879778,0.9929932735426009,0.9813100137174211,0.9889051706091689,0.9877390499691548,0.987151643630011,0.9953705505845282
