Algorithm,Dataset,N,True Positive,True Negative,False Positive,False Negative,Precision,Recall,Specificity,F1-score,Accuracy,Balanced Accuracy,AUC
Logistic Regression,Test set,10274,3980,2268,1383,2643,0.742121946671639,0.6009361316623887,0.6211996713229252,0.6641081261471717,0.6081370449678801,0.611067901492657,0.653875447864697
Logistic Regression,Entire population,51369,20157,11041,7076,13095,0.740168178313076,0.6061891014074341,0.6094276094276094,0.6665123584359759,0.6073312698319998,0.6078083554175218,0.6483449356452928
