Algorithm,Dataset,N,True Positive,True Negative,False Positive,False Negative,Precision,Recall,Specificity,F1-score,Accuracy,Balanced Accuracy,AUC
Logistic Regression,Test set,10274,5438,1851,1800,1185,0.7513125172699641,0.8210780613015249,0.5069843878389483,0.7846475723252291,0.7094607747712672,0.6640312245702367,0.7444313250972175
Logistic Regression,Entire population,64676,27426,20956,10468,5826,0.7237557396949386,0.8247924936845904,0.6668788187372708,0.7709779889241841,0.7480672892572207,0.7458356562109306,0.8305614097711043
