Algorithm,Dataset,N,True Positive,True Negative,False Positive,False Negative,Precision,Recall,Specificity,F1-score,Accuracy,Balanced Accuracy,AUC
CatBoost,Test set,10274,2636,4591,2032,1015,0.5646958011996572,0.7219939742536291,0.6931903971010116,0.6337300156268783,0.7034261241970021,0.7075921856773204,0.7803041722791266
CatBoost,Entire population,39206,13892,15716,5373,4225,0.7211004412146379,0.7667936192526357,0.7452226279102849,0.7432454122304852,0.7551905320614192,0.7560081235814603,0.8363475303897201
