Algorithm,Dataset,N,True Positive,True Negative,False Positive,False Negative,Precision,Recall,Specificity,F1-score,Accuracy,Balanced Accuracy,AUC
CNN,Test set,10274,6618,0,3651,5,0.6444639205375402,0.9992450551109769,0.0,0.7835661851764149,0.644150282265914,0.49962252755548847,0.4394413854460769
CNN,Entire population,51369,33240,1,18116,12,0.6472466703014254,0.9996391194514616,5.5196776508251916e-05,0.7857413010590015,0.6471023379859449,0.4998471581139849,0.26466968540513236
