Algorithm,Dataset,N,True Positive,True Negative,False Positive,False Negative,Precision,Recall,Specificity,F1-score,Accuracy,Balanced Accuracy,AUC
CatBoost,Test set,1600,1367,87,98,48,0.9331058020477816,0.9660777385159011,0.4702702702702703,0.9493055555555555,0.90875,0.7181740043930857,0.909288511125967
CatBoost,Entire population,12984,7062,5599,249,74,0.9659417316372589,0.9896300448430493,0.957421340629275,0.9776424171108189,0.9751232285890327,0.9735256927361622,0.996183155254489
