Algorithm,Dataset,N,True Positive,True Negative,False Positive,False Negative,Precision,Recall,Specificity,F1-score,Accuracy,Balanced Accuracy,AUC
Logistic Regression,Test set,10274,4505,2522,1129,2118,0.7996095136670217,0.6802053450098143,0.6907696521500959,0.7350901525658807,0.6839595094413081,0.6854874985799551,0.7561803849726803
Logistic Regression,Entire population,51369,22851,12483,5634,10401,0.8022116903633492,0.6872067845543125,0.6890213611525087,0.7402692064726177,0.6878467558254978,0.6881140728534105,0.7566207165619897
