Algorithm,Dataset,N,True Positive,True Negative,False Positive,False Negative,Precision,Recall,Specificity,F1-score,Accuracy,Balanced Accuracy,AUC
MLP,Test set,10274,536,3253,398,6087,0.5738758029978587,0.08093009210327647,0.8909887701999453,0.14185523355829033,0.36879501654662256,0.4859594311516109,0.4249267376749095
MLP,Entire population,64676,1924,27799,3625,31328,0.34672914038565505,0.05786118128232888,0.8846423116089613,0.09917270173449137,0.4595676912610551,0.4712517464456451,0.3664302459227603
