Algorithm,Dataset,N,True Positive,True Negative,False Positive,False Negative,Precision,Recall,Specificity,F1-score,Accuracy,Balanced Accuracy,AUC
CatBoost,Test set,10274,4798,2593,1058,1825,0.8193306010928961,0.724445115506568,0.7102163790742262,0.7689718727462136,0.7193887482966712,0.7173307472903971,0.7921354055588343
CatBoost,Entire population,51369,25410,13952,4165,7842,0.8591715976331361,0.7641645615301336,0.7701054258431308,0.8088878985149697,0.7662598064980825,0.7671349936866322,0.8482998358684377
