Algorithm,Dataset,N,True Positive,True Negative,False Positive,False Negative,Precision,Recall,Specificity,F1-score,Accuracy,Balanced Accuracy,AUC
XGBoost,Test set,10274,5679,1969,1682,944,0.7714984377122673,0.8574664049524384,0.5393043001917283,0.8122139588100686,0.744403348257738,0.6983853525720833,0.792601027279213
XGBoost,Entire population,64676,30167,24934,6490,3085,0.8229533240581608,0.9072236256465777,0.7934699592668024,0.8630362328169477,0.8519543571030985,0.8503467924566901,0.9310315247105179
