Algorithm,Dataset,N,True Positive,True Negative,False Positive,False Negative,Precision,Recall,Specificity,F1-score,Accuracy,Balanced Accuracy,AUC
LGBM,Test set,10274,5708,1922,1729,915,0.7675137824391556,0.8618450853087725,0.5264311147630786,0.8119487908961593,0.7426513529297255,0.6941381000359255,0.7914482837110601
LGBM,Entire population,64676,29201,23116,8308,4051,0.7785064917753073,0.8781727414892337,0.7356160896130346,0.8253416429954353,0.8089090234399159,0.8068944155511342,0.893527510301051
