Algorithm,Dataset,N,True Positive,True Negative,False Positive,False Negative,Precision,Recall,Specificity,F1-score,Accuracy,Balanced Accuracy,AUC
LGBM,Test set,10274,2579,4668,1995,1032,0.5638390905115872,0.7142065909720299,0.7005853219270599,0.6301771533292608,0.7053727856725716,0.7073959564495449,0.7852187021887239
LGBM,Entire population,39286,13632,15322,5847,4485,0.6998305867857693,0.7524424573604902,0.7237942274080023,0.7251835301627833,0.7370055490505524,0.7381183423842462,0.8184093311646051
