Algorithm,Dataset,N,True Positive,True Negative,False Positive,False Negative,Precision,Recall,Specificity,F1-score,Accuracy,Balanced Accuracy,AUC
LGBM,Test set,10274,4536,1305,2346,2087,0.6591107236268526,0.6848860033217575,0.3574363188167625,0.6717512032580526,0.5685224839400428,0.52116116106926,0.5266926263492598
LGBM,Entire population,51369,22460,6619,11498,10792,0.6614052653277578,0.6754480933477686,0.36534746370811944,0.6683529236720727,0.5660807101559306,0.520397778527944,0.5265386132990793
