Algorithm,Dataset,N,True Positive,True Negative,False Positive,False Negative,Precision,Recall,Specificity,F1-score,Accuracy,Balanced Accuracy,AUC
CNN,Test set,10274,6233,242,3409,390,0.6464426467537855,0.9411142986561981,0.06628321007943029,0.7664309867814325,0.6302316527155928,0.5036987543678142,0.5829577115480267
CNN,Entire population,51369,32094,470,17647,1158,0.6452222512615348,0.9651750270660412,0.025942484958878402,0.7734146253298471,0.6339231832428118,0.4955587560124598,0.6182564385731752
