Algorithm,Dataset,N,True Positive,True Negative,False Positive,False Negative,Precision,Recall,Specificity,F1-score,Accuracy,Balanced Accuracy,AUC
XGBoost,Test set,10274,2607,4703,1960,1004,0.5708342456754981,0.7219606757130989,0.7058382110160588,0.6375641966250917,0.7115047693206151,0.7138994433645789,0.7860884827003786
XGBoost,Entire population,39286,14705,16605,4564,3412,0.7631428719705226,0.8116685985538444,0.7844017194954886,0.7866581073128979,0.7969760219925673,0.7980351590246666,0.8798513743159061
