Algorithm,Dataset,N,True Positive,True Negative,False Positive,False Negative,Precision,Recall,Specificity,F1-score,Accuracy,Balanced Accuracy,AUC
Logistic Regression,Test set,10274,2511,4468,2155,1140,0.5381483069009858,0.6877567789646672,0.6746187528310433,0.6038234940483347,0.6792875218999416,0.6811877658978553,0.7515075428526858
Logistic Regression,Entire population,39206,12413,14318,6771,5704,0.6470496246872394,0.6851575867969311,0.6789321447199962,0.6655585641135626,0.6818089067999796,0.6820448657584637,0.7508287636728461
