Algorithm,Dataset,N,True Positive,True Negative,False Positive,False Negative,Precision,Recall,Specificity,F1-score,Accuracy,Balanced Accuracy,AUC
CatBoost,Test set,10274,5724,1940,1711,899,0.7698722259583053,0.8642609089536464,0.5313612708846891,0.8143405889884763,0.7459606774381935,0.6978110899191677,0.7905464440400152
CatBoost,Entire population,64676,29703,23836,7588,3549,0.7965192673835509,0.8932695777697582,0.7585285132382892,0.8421246615539458,0.8278032036613272,0.8258990455040237,0.9089714991646827
