Algorithm,Dataset,N,True Positive,True Negative,False Positive,False Negative,Precision,Recall,Specificity,F1-score,Accuracy,Balanced Accuracy,AUC
Random Forest,Test set,10274,2695,4541,2082,956,0.5641616077035797,0.7381539304300192,0.6856409482107806,0.6395348837209303,0.7043021218610084,0.7118974393203998,0.7869276505565025
Random Forest,Entire population,39206,17161,19007,2082,956,0.8918048121394793,0.9472318816581111,0.9012755464934326,0.9186830835117773,0.922511860429526,0.9242537140757718,0.9830989676737092
