Algorithm,Dataset,N,True Positive,True Negative,False Positive,False Negative,Precision,Recall,Specificity,F1-score,Accuracy,Balanced Accuracy,AUC
MLP,Test set,10274,6623,0,3651,0,0.6446369476348063,1.0,0.0,0.7839261407350417,0.6446369476348063,0.5,0.544951622941276
MLP,Entire population,64492,33252,0,31240,0,0.5155988339639025,1.0,0.0,0.6803895891307906,0.5155988339639025,0.5,0.5708017317376036
