Algorithm,Dataset,N,True Positive,True Negative,False Positive,False Negative,Precision,Recall,Specificity,F1-score,Accuracy,Balanced Accuracy,AUC
MLP,Test set,10274,1869,1605,2046,4754,0.47739463601532567,0.2821983995168353,0.4396055875102712,0.35471626494591,0.33813509830640454,0.36090199351355323,0.3380310094388582
MLP,Entire population,51369,6434,4163,13954,26818,0.3155777908573671,0.19349212077469025,0.22978418060385272,0.23989560029828486,0.20629173236777046,0.2116381506892715,0.19369430893081388
