Algorithm,Dataset,N,True Positive,True Negative,False Positive,False Negative,Precision,Recall,Specificity,F1-score,Accuracy,Balanced Accuracy,AUC
CNN,Test set,10274,5841,1553,2098,782,0.735734979216526,0.881926619356787,0.425362914270063,0.8022249690976514,0.7196807475180066,0.653644766813425,0.7568184591820879
CNN,Entire population,64676,32438,19260,12164,814,0.7272768037307744,0.9755202694574763,0.6129073319755601,0.8333033627045495,0.7993382398416723,0.7942138007165183,0.9065350032618287
