Algorithm,Dataset,N,True Positive,True Negative,False Positive,False Negative,Precision,Recall,Specificity,F1-score,Accuracy,Balanced Accuracy,AUC
Logistic Regression,Test set,10274,4503,2522,1129,2120,0.7995383522727273,0.6799033670542051,0.6907696521500959,0.7348837209302326,0.6837648432937512,0.6853365096021504,0.7561768283985661
Logistic Regression,Entire population,51369,22846,12483,5634,10406,0.8021769662921349,0.6870564176590882,0.6890213611525087,0.7401671742370246,0.687749420856937,0.6880388894057985,0.7566189304519354
