Algorithm,Dataset,N,True Positive,True Negative,False Positive,False Negative,Precision,Recall,Specificity,F1-score,Accuracy,Balanced Accuracy,AUC
Random Forest,Test set,1600,1401,58,107,34,0.9290450928381963,0.9763066202090592,0.3515151515151515,0.9520897043832823,0.911875,0.6639108858621053,0.8605068102629078
Random Forest,Entire population,13002,7102,5758,108,34,0.9850208044382802,0.9952354260089686,0.9815888169110126,0.9901017705283702,0.9890786032918013,0.9884121214599906,0.9980528085004564
