Algorithm,Dataset,N,True Positive,True Negative,False Positive,False Negative,Precision,Recall,Specificity,F1-score,Accuracy,Balanced Accuracy,AUC
LGBM,Test set,1600,1383,93,92,32,0.9376271186440678,0.9773851590106007,0.5027027027027027,0.9570934256055363,0.9225,0.7400439308566518,0.9225938305796964
LGBM,Entire population,12968,7095,5641,191,41,0.9737853417513038,0.9942544843049327,0.9672496570644719,0.9839134655387602,0.9821098087600246,0.9807520706847023,0.9976886693255703
