Algorithm,Dataset,N,True Positive,True Negative,False Positive,False Negative,Precision,Recall,Specificity,F1-score,Accuracy,Balanced Accuracy,AUC
XGBoost,Test set,10274,4938,2537,1114,1685,0.8159286186384667,0.7455835723992149,0.6948781155847713,0.7791715976331361,0.7275647264940627,0.7202308439919931,0.7968925302142343
XGBoost,Entire population,51369,26816,14567,3550,6436,0.883092932885464,0.80644773246722,0.8040514433957057,0.8430318463327989,0.80560260079036,0.8052495879314628,0.8883217167789721
